{
    "loss": 22.313730239868164,
    "accuracy": 0.3076923191547394
}