{
    "loss": 0.1449996680021286,
    "accuracy": 0.9615384340286255
}